"DESCRIPTION","DURATION IN MS","NAME","PARENT SUITE","START TIME","STATUS","STOP TIME","SUB SUITE","SUITE","TEST CLASS","TEST METHOD"
"Негативный тест: несуществующие ID → 404.","19","Несуществующий ID возвращает 404","tests","2026-09-29","passed","2026-09-29","TestPosts","test_posts","",""
"Параметризованный тест статусов.","23","Проверка статус-кода для разных ID","tests","2026-09-29","passed","2026-09-29","TestPosts","test_posts","",""
"GET /posts — список всех постов.","23","Список всех постов","tests","2026-09-29","passed","2026-09-29","TestPosts","test_posts","",""
"POST /posts — создаём пост.","198","Создание нового поста","tests","2026-09-29","passed","2026-09-29","TestPosts","test_posts","",""
"Проверяем посты пользователя.","19","Получение постов пользователя","tests","2026-09-29","passed","2026-09-29","TestPosts","test_posts","",""
"Параметризованный тест статусов.","20","Проверка статус-кода для разных ID","tests","2026-09-29","passed","2026-09-29","TestPosts","test_posts","",""
"Параметризованный тест статусов.","22","Проверка статус-кода для разных ID","tests","2026-09-29","passed","2026-09-29","TestPosts","test_posts","",""
"Проверяем посты пользователя.","23","Получение постов пользователя","tests","2026-09-29","passed","2026-09-29","TestPosts","test_posts","",""
"GET /posts/1 — получаем пост по ID.","68","Получение поста по ID","tests","2026-09-29","passed","2026-09-29","TestPosts","test_posts","",""
"Негативный тест: несуществующие ID → 404.","20","Несуществующий ID возвращает 404","tests","2026-09-29","passed","2026-09-29","TestPosts","test_posts","",""
"Проверяем посты пользователя.","20","Получение постов пользователя","tests","2026-09-29","passed","2026-09-29","TestPosts","test_posts","",""
"Негативный тест: несуществующие ID → 404.","18","Несуществующий ID возвращает 404","tests","2026-09-29","passed","2026-09-29","TestPosts","test_posts","",""
"Параметризованный тест статусов.","16","Проверка статус-кода для разных ID","tests","2026-09-29","passed","2026-09-29","TestPosts","test_posts","",""
"Демонстрация fixture created_post.","0","Использование fixture created_post","tests","2026-09-29","passed","2026-09-29","TestPosts","test_posts","",""
"Параметризованный тест статусов.","25","Проверка статус-кода для разных ID","tests","2026-09-29","passed","2026-09-29","TestPosts","test_posts","",""
"Параметризованный тест статусов.","21","Проверка статус-кода для разных ID","tests","2026-09-29","passed","2026-09-29","TestPosts","test_posts","",""
